{"occurrenceCode":"259733","revision":"022.00","type":"bookmarks","tree":{"id":"root","name":"Bookmarks","children":[{"id":"bookmarks_30c94d68-fbf1-4be5-bc9c-1e324a596987__022.00"}]},"bookmarks":[{"dmc":"DMC-H175-F0210-A001-00-00-0000-00A-00SH-D_en-US","title":"General - MSM - List of effective data modules","reference":"MSM 00-00-00-00-00S-D","applicabilityMD5":"5a09c6c89f17f3842ebc963c71d01203","revision":"new","versions":["B"],"type":"bookmarks","minRevision":"022.00","date":"2026-02-17T13:52:52.699Z","author":"ADMIN Example","lastUpdate":"2026-02-17T13:52:52.699Z","_id":"bookmarks_30c94d68-fbf1-4be5-bc9c-1e324a596987__022.00","_rev":"1-46cb3e92629508cbd05e7cfaf817c353"}]}